{
    "num_vars": 12,
    "names": [
        "Alpha|C1",
        "Beta|C1",
        "Ur|C1",
        "Df|C1",
        "Alpha|C2",
        "Beta|C2",
        "Ur|C2",
        "Df|C2",
        "Alpha|G",
        "Beta|G",
        "Ur|G",
        "Df|G"
    ],
    "bounds": [
        [
            0,
            0.03
        ],
        [
            0.032,
            0.062
        ],
        [
            12.270000000000001,
            13.67
        ],
        [
            0.9,
            1
        ],
        [
            0.023,
            0.053
        ],
        [
            0.27399999999999997,
            0.304
        ],
        [
            13.6,
            15
        ],
        [
            0.14100000000000001,
            0.241
        ],
        [
            0.004,
            0.034
        ],
        [
            0,
            0.03
        ],
        [
            2.8339999999999996,
            4.234
        ],
        [
            0,
            0.1
        ]
    ],
    "sample_scaled": true
}