{
    "num_vars": 32,
    "names": [
        "Alpha|C1",
        "Beta|C1",
        "Ur|C1",
        "Df|C1",
        "Alpha|C2",
        "Beta|C2",
        "Ur|C2",
        "Df|C2",
        "Alpha|G",
        "Beta|G",
        "Ur|G",
        "Df|G",
        "Lr_c|Kittitas",
        "a|Kittitas",
        "b|Kittitas",
        "c|Kittitas",
        "Lr_c|Tieton",
        "a|Tieton",
        "b|Tieton",
        "c|Tieton",
        "Lr_c|Roza",
        "a|Roza",
        "b|Roza",
        "c|Roza",
        "Lr_c|Wapato",
        "a|Wapato",
        "b|Wapato",
        "c|Wapato",
        "Lr_c|Sunnyside",
        "a|Sunnyside",
        "b|Sunnyside",
        "c|Sunnyside"
    ],
    "bounds": [
        [
            0,
            0.03
        ],
        [
            0.032,
            0.062
        ],
        [
            12.270000000000001,
            13.67
        ],
        [
            0.9,
            1
        ],
        [
            0.023,
            0.053
        ],
        [
            0.27399999999999997,
            0.304
        ],
        [
            13.6,
            15
        ],
        [
            0.14100000000000001,
            0.241
        ],
        [
            0.004,
            0.034
        ],
        [
            0,
            0.03
        ],
        [
            2.8339999999999996,
            4.234
        ],
        [
            0,
            0.1
        ],
        [
            0,
            0.6
        ],
        [
            -57.641,
            -50.941
        ],
        [
            56.928,
            63.628
        ],
        [
            -2.975,
            -2.675
        ],
        [
            0,
            0.6
        ],
        [
            -1.05,
            -0.95
        ],
        [
            1.79,
            1.89
        ],
        [
            2.741,
            3.041
        ],
        [
            0,
            0.6
        ],
        [
            -72.877,
            -66.677
        ],
        [
            68.65,
            75.15
        ],
        [
            -4.109,
            -3.709
        ],
        [
            0,
            0.6
        ],
        [
            -92.231,
            -84.931
        ],
        [
            82.508,
            89.808
        ],
        [
            3.327,
            3.727
        ],
        [
            0,
            0.6
        ],
        [
            5.511,
            6.011
        ],
        [
            1.766,
            1.866
        ],
        [
            14.817,
            16.217
        ]
    ],
    "sample_scaled": true
}